<?xml version="1.0" encoding="UTF-8"?>
<project-private xmlns="http://www.netbeans.org/ns/project-private/1">
    <editor-bookmarks xmlns="http://www.netbeans.org/ns/editor-bookmarks/2" lastBookmarkId="0"/>
    <open-files xmlns="http://www.netbeans.org/ns/projectui-open-files/2">
        <group>
            <file>file:/K:/Download/ChatEncrypter-master/src/ChatEncrypter/Networking/ClientListener.java</file>
            <file>file:/K:/Download/ChatEncrypter-master/src/ChatEncrypter/Cryptography/RSA.java</file>
            <file>file:/K:/Download/ChatEncrypter-master/src/ClientLogin.java</file>
            <file>file:/K:/Download/ChatEncrypter-master/src/ChatGUI.java</file>
            <file>file:/K:/Download/ChatEncrypter-master/src/ServerLogin.java</file>
            <file>file:/K:/Download/ChatEncrypter-master/src/ChatEncrypter/Networking/MessageListener.java</file>
            <file>file:/K:/Download/ChatEncrypter-master/src/ChatEncrypter/Networking/WritableGUI.java</file>
            <file>file:/K:/Download/ChatEncrypter-master/src/ChatEncrypter/Cryptography/EncoderDecoder.java</file>
            <file>file:/K:/Download/ChatEncrypter-master/src/ClientMain.java</file>
            <file>file:/K:/Download/ChatEncrypter-master/src/ChatEncrypter/Networking/KeyTransmitter.java</file>
            <file>file:/K:/Download/ChatEncrypter-master/src/ChatEncrypter/Networking/SocketHelper.java</file>
            <file>file:/K:/Download/ChatEncrypter-master/src/ChatEncrypter/Networking/RSAKeyHelper.java</file>
            <file>file:/K:/Download/ChatEncrypter-master/src/Selector.java</file>
            <file>file:/K:/Download/ChatEncrypter-master/src/ChatEncrypter/Networking/MessageTransmitter.java</file>
            <file>file:/K:/Download/ChatEncrypter-master/src/ServerMain.java</file>
            <file>file:/K:/Download/ChatEncrypter-master/src/ChatEncrypter/Cryptography/AES.java</file>
            <file>file:/K:/Download/ChatEncrypter-master/src/ChatEncrypter/Cryptography/DES.java</file>
        </group>
    </open-files>
</project-private>
